{
  "wt_mean_fe": 0.7787037501013455,
  "scz_mean_fe": 0.201667595482962,
  "ratio": 0.2589785851894455,
  "wt_module": {
    "retina": 0.0011371886750468955,
    "olfaction": 0.011326131839179349,
    "lateral_line": 0.001750526852179147,
    "proprioception": 0.2533951043587634,
    "vestibular": 0.3058494357656067,
    "color_vision": 0.0012786566595781087,
    "thalamus_L": 0.0008761602575555116,
    "thalamus_R": 0.0009737198370182417,
    "pallium": 0.011670409301338095,
    "active_motor": 0.16953537535698462
  },
  "scz_module": {
    "retina": 0.00020310832410352125,
    "olfaction": 0.0031013318654208887,
    "lateral_line": 0.0002693759770508704,
    "proprioception": 0.058254611020044346,
    "vestibular": 0.07186398518000109,
    "color_vision": 0.0004072914129347375,
    "thalamus_L": 0.0001711901142222061,
    "thalamus_R": 0.00012050523891284471,
    "pallium": 0.003227396702687789,
    "active_motor": 0.041714835406940744
  }
}