{
  "round": 20,
  "timestamp": 1775069175.899445,
  "metrics": {
    "round": 20,
    "survived": 500,
    "food_eaten": 1,
    "mean_efe": 0.011244842645843665,
    "energy_final": 42.486063475010916,
    "caught": false,
    "geo_coverage": 0.225,
    "goal_distribution": {
      "FORAGE": 114,
      "FLEE": 301,
      "EXPLORE": 85,
      "SOCIAL": 0
    },
    "fitness": 683.6305833110471,
    "vae_memory_nodes": 8,
    "critic_mean_value": -0.015945108607411385,
    "personality": "Balanced, no personality bias",
    "elapsed_sec": 1705.6361768245697
  },
  "path": "/Users/hjpark/Dropbox/projects/vzebra/zebrav2/checkpoints/ckpt_round_0020.pt"
}