{
  "cell_centroid": [
    -509.9661484817695,
    -0.03933604532820151,
    -300.0542423361901
  ],
  "mesh_centroid": [
    3.105365237423211,
    -0.3624904015258252,
    -5.125996383542974
  ],
  "rotation": [
    [
      -0.9986737098489044,
      0.050137051338132156,
      -0.011708857320163846
    ],
    [
      0.04918743596870345,
      0.9962807357945871,
      0.07074808568025626
    ],
    [
      0.015212409390072346,
      0.07007832452130766,
      -0.9974254914693303
    ]
  ],
  "scale_per_axis": [
    0.10889666059812914,
    0.0854968144882897,
    0.08407976341106291
  ],
  "cell_pca_axes": [
    [
      0.9687291088241586,
      -0.03915104878185821,
      0.24501246722571504
    ],
    [
      -0.032649021215208664,
      -0.9990000302183142,
      -0.030544738294768208
    ],
    [
      0.24596332070136065,
      0.021590159867114767,
      -0.9690386524109716
    ]
  ],
  "mesh_pca_axes": [
    [
      -0.9656428026960014,
      -0.016997189942820734,
      -0.2593165500608456
    ],
    [
      0.02673384856435027,
      -0.9990619349001629,
      -0.03406686916171307
    ],
    [
      -0.2584942532095244,
      -0.039828956395950965,
      0.9651913671858342
    ]
  ],
  "x_flipped": true,
  "post_fix": "negate all xyz, then x+50"
}